venue_name
AMI Stadium
"Achimota Senior Secondary School A Field, Accra"
"Achimota Senior Secondary School B Field, Accra"
Adelaide Oval
Affies Park
Al Amerat Cricket Ground Oman Cricket (Ministry Turf 1)
Al Amerat Cricket Ground Oman Cricket (Ministry Turf 2)
"Albert Park 1, Suva"
"Albert Park 2, Suva"
Albertslund Cricket Club
Allan Border Field
"Allan Border Field, Brisbane"
Amini Park
"Amini Park, Port Moresby"
Andhra Cricket Association-Visakhapatnam District Cricket Association Stadium
"Antigua Recreation Ground, St John's"
Arbab Niaz Stadium
Arnos Vale Ground
"Arnos Vale Ground, Kingstown"
"Arnos Vale Ground, Kingstown, St Vincent"
Arun Jaitley Stadium
"Arun Jaitley Stadium, Delhi"
Arundel Castle Cricket Club Ground
Asian Institute of Technology Ground
"Ballpark Ground, Graz"
Bangabandhu National Stadium
"Bangabandhu National Stadium, Dhaka"
Barabati Stadium
"Barabati Stadium, Cuttack"
Barsapara Cricket Stadium
"Barsapara Cricket Stadium, Guwahati"
Basin Reserve
"Basin Reserve, Wellington"
Bay Oval
"Bay Oval, Mount Maunganui"
Bayer Uerdingen Cricket Ground
"Bayuemas Oval, Kuala Lumpur"
"Beausejour Stadium, Gros Islet"
"Belgrano Athletic Club Ground, Buenos Aires"
Bellerive Oval
"Bellerive Oval, Hobart"
Bermuda National Stadium
Bert Sutcliffe Oval
Bharat Ratna Shri Atal Bihari Vajpai Ekana Cricket Stadium
Bharat Ratna Shri Atal Bihari Vajpayee Ekana Cricket Stadium
"Bharat Ratna Shri Atal Bihari Vajpayee Ekana Cricket Stadium, Lucknow"
Boland Bank Park
"Boland Bank Park, Paarl"
Boland Park
"Boland Park, Paarl"
"Botkyrka Cricket Center, Stockholm"
Botswana Cricket Association Oval 1
"Botswana Cricket Association Oval 1, Gaborone"
Botswana Cricket Association Oval 2
"Botswana Cricket Association Oval 2, Gaborone"
Brabourne Stadium
"Brabourne Stadium, Mumbai"
Bradman Oval
Bready
"Bready Cricket Club, Magheramason"
"Bready Cricket Club, Magheramason, Bready"
"Brian Lara Stadium, Tarouba"
"Brian Lara Stadium, Tarouba, Trinidad"
Brisbane Cricket Ground
"Brisbane Cricket Ground, Woolloongabba"
"Brisbane Cricket Ground, Woolloongabba, Brisbane"
Buffalo Park
"Buffalo Park, East London"
Bulawayo Athletic Club
"Bundaberg Rum Stadium, Cairns"
"Cambusdoon New Ground, Ayr"
Captain Roop Singh Stadium
"Captain Roop Singh Stadium, Gwalior"
Carisbrook
Carrara Oval
Castle Avenue
"Castle Avenue, Dublin"
"Cazaly's Stadium, Cairns"
Central Broward Regional Park Stadium Turf Ground
"Central Broward Regional Park Stadium Turf Ground, Lauderhill"
"Centre for Cricket Development Ground, Windhoek"
Chevrolet Park
Chilaw Marians Cricket Club Ground
Chittagong Divisional Stadium
"Choice Moosa Stadium, Pearland"
City Oval
"City Oval, Pietermaritzburg"
"Civil Service Cricket Club, Stormont"
"Civil Service Cricket Club, Stormont, Belfast"
"Clayton Panama, Panama City"
Clontarf Cricket Club Ground
"Clontarf Cricket Club Ground, Dublin"
Cobham Oval (New)
College Field
"College Field, St Peter Port"
Colombo Cricket Club Ground
Colts Cricket Club Ground
Coolidge Cricket Ground
"Coolidge Cricket Ground, Antigua"
County Ground
"County Ground, Bristol"
"County Ground, Chelmsford"
"County Ground, Derby"
"County Ground, Hove"
"County Ground, New Road"
"County Ground, New Road, Worcester"
"County Ground, Northampton"
Daren Sammy National Cricket Stadium
"Daren Sammy National Cricket Stadium, Gros Islet"
"Daren Sammy National Cricket Stadium, Gros Islet, St Lucia"
"Darren Sammy National Cricket Stadium, St Lucia"
"Davies Park, Queenstown"
De Beers Diamond Oval
"De Beers Diamond Oval, Kimberley"
Desert Springs Cricket Ground
"Desert Springs Cricket Ground, Almeria"
Diamond Oval
"Diamond Oval, Kimberley"
Docklands Stadium
Dr DY Patil Sports Academy
"Dr DY Patil Sports Academy, Mumbai"
"Dr DY Patil Sports Academy, Navi Mumbai"
Dr. Y.S. Rajasekhara Reddy ACA-VDCA Cricket Stadium
"Dr. Y.S. Rajasekhara Reddy ACA-VDCA Cricket Stadium, Visakhapatnam"
Dreux Sport Cricket Club
Dubai International Cricket Stadium
Dubai Sports City Cricket Stadium
Eden Gardens
"Eden Gardens, Kolkata"
Eden Park
Eden Park No 2
Eden Park Outer Oval
"Eden Park, Auckland"
Edgbaston
"Edgbaston, Birmingham"
"Ekeberg Cricket Ground 1, Oslo"
Entebbe Cricket Oval
Estonian National Cricket and Rugby Field
Europa Sports Complex
"FB Fields, St Clement"
FTZ Sports Complex (BOI)
"Faleata Oval No 2, Apia"
Feroz Shah Kotla
Forthill
"Forthill, Dundee"
"GB Oval, Szodliget"
"GMHBA Stadium, South Geelong, Victoria"
Gaddafi Stadium
"Gaddafi Stadium, Lahore"
"Gahanga B Ground, Rwanda"
"Gahanga International Cricket Stadium, Rwanda"
Gahanga International Cricket Stadium. Rwanda
Galle International Stadium
Gelephu International Cricket Ground
"Goldenacre, Edinburgh"
Goodyear Park
"Goodyear Park, Bloemfontein"
Grace Road
"Grace Road, Leicester"
"Grainville, St Saviour"
"Grainville, St Saviour, Jersey"
"Grand Prairie Stadium, Dallas"
"Grange Cricket Club Ground, Raeburn Place"
"Grange Cricket Club Ground, Raeburn Place, Edinburgh"
"Grange Cricket Club, Raeburn Place"
"Great Barrier Reef Arena, Mackay"
Green Park
Greenfield International Stadium
"Greenfield International Stadium, Thiruvananthapuram"
"Ground 1, Independence Park"
"Ground 2, Independence Park"
Guanggong International Cricket Stadium
Gucherre Cricket Ground
"Guernsey Rovers Athletic Club Ground, Port Soif"
Gymkhana Club Ground
"Gymkhana Club Ground, Dar-es-Salaam"
"Gymkhana Club Ground, Nairobi"
Hagley Oval
"Hagley Oval, Christchurch"
Happy Valley Ground
Harare Sports Club
Harlequins
Haslegrave Ground
Hazelaarweg
"Hazelaarweg, Rotterdam"
Headingley
"Headingley, Leeds"
"High Performance Oval, Windhoek"
Himachal Pradesh Cricket Association Stadium
"Himachal Pradesh Cricket Association Stadium, Dharamsala"
Holkar Cricket Stadium
"Holkar Cricket Stadium, Indore"
Hong Kong Cricket Club
"Hurlingham Club Ground, Buenos Aires"
Hurstville Oval
ICC Academy
ICC Academy Ground No 2
"ICC Academy Ground No 2, Dubai"
"ICC Academy, Dubai"
ICC Global Cricket Academy
"Independence Park, Port Vila"
Indian Association Ground
"Indian Association Ground, Singapore"
Indian Petrochemicals Corporation Limited Sports Complex Ground
Integrated Polytechnic Regional Centre
International Sports Stadium
Iqbal Stadium
"Iqbal Stadium, Faisalabad"
"Ishoj Cricket Club, Vejledalen"
JSCA International Stadium Complex
"JSCA International Stadium Complex, Ranchi"
Jade Stadium
"Jade Stadium, Christchurch"
"Jimmy Powell Oval, Cayman Islands"
Jinja Cricket Ground
John Davies Oval
"John Davies Oval, Queenstown"
Johor Cricket Academy Oval
Junction Oval
"Junction Oval, Melbourne"
Kaizuka Cricket Ground
Karen Rolton Oval
Keenan Stadium
Kennington Oval
"Kennington Oval, London"
"Kensington Oval, Barbados"
"Kensington Oval, Bridgetown"
"Kensington Oval, Bridgetown, Barbados"
Kerava National Cricket Ground
Kerrydale Oval
Khan Shaheb Osman Ali Stadium
Khettarama Stadium
King George V Sports Ground
"King George V Sports Ground, Castel"
Kingsmead
"Kingsmead, Durban"
Kinrara Academy Oval
"Kinrara Academy Oval, Kuala Lumpur"
Koge Cricket Club
Koge Cricket Club 2
"Kotambi Stadium, Vadodara"
Kyambogo Cricket Oval
LC de Villiers Oval
La Manga Club Bottom Ground
La Manga Club Top Ground
Lahore City Cricket Association Ground
Lalabhai Contractor Stadium
Las Caballerizas
Lisicji Jarak Cricket Ground
Lochlands
Lord's
"Lord's, London"
Los Reyes Polo Club
Louth Cricket Club
Lugogo Cricket Oval
M Chinnaswamy Stadium
"M Chinnaswamy Stadium, Bengaluru"
M.Chinnaswamy Stadium
MA Aziz Stadium
"MA Aziz Stadium, Chittagong"
MA Chidambaram Stadium
"MA Chidambaram Stadium, Chepauk"
"MA Chidambaram Stadium, Chepauk, Chennai"
Madhavrao Scindia Cricket Ground
"Maharaja Yadavindra Singh International Cricket Stadium, Mullanpur"
"Maharaja Yadavindra Singh International Cricket Stadium, New Chandigarh"
Maharani Usharaje Trust Cricket Ground
Maharashtra Cricket Association Stadium
"Maharashtra Cricket Association Stadium, Pune"
"Mahinda Rajapaksa International Cricket Stadium, Sooriyawewa"
"Mahinda Rajapaksa International Cricket Stadium, Sooriyawewa, Hambantota"
Malahide
"Malahide, Dublin"
"Malek Cricket Ground, Ajman"
Malkerns Country Club oval
Mangaung Oval
"Mangaung Oval, Bloemfontein"
Mannofield Park
"Mannofield Park, Aberdeen"
Manuka Oval
"Manuka Oval, Canberra"
"Maple Leaf North-East Ground, King City"
Maple Leaf North-West Ground
"Maple Leaf North-West Ground, King City"
"Marina Ground, Corfu"
Marrara Cricket Ground
"Marrara Cricket Ground, Darwin"
"Marrara Stadium, Darwin"
Marsa Sports Club
McLean Park
"McLean Park, Napier"
"Meersen, Gent"
Melbourne Cricket Ground
Mercantile Cricket Association Ground
"Mission Road Ground, Mong Kok"
"Mission Road Ground, Mong Kok, Hong Kong"
"Mladost Cricket Ground, Zagreb"
Moara Vlasiei Cricket Ground
"Moara Vlasiei Cricket Ground, Ilfov County"
Mombasa Sports Club Ground
"Moosa Cricket Stadium, Pearland"
Moses Mabhida Stadium
Mulpani Cricket Ground
Multan Cricket Stadium
"N'Du Stadium, Noumea, New Caledonia"
Nahar Singh Stadium
"Namibia Cricket Ground, Windhoek"
Narayanganj Osmani Stadium
Narendra Modi Stadium
"Narendra Modi Stadium, Ahmedabad"
"Nassau County International Cricket Stadium, New York"
National Cricket Stadium
"National Cricket Stadium, Grenada"
"National Cricket Stadium, St George's"
"National Cricket Stadium, St George's, Grenada"
"National Sports Academy, Sofia"
National Stadium
"National Stadium, Hamilton"
"National Stadium, Karachi"
Nehru Stadium
"Nehru Stadium, Fatorda"
"Nehru Stadium, Poona"
"New Farnley CC, Leeds"
New Wanderers Stadium
"New Wanderers Stadium, Johannesburg"
Newlands
"Newlands, Cape Town"
"Niaz Stadium, Hyderabad"
"Nigeria Cricket Federation Oval 1, Abuja"
"Nigeria Cricket Federation Oval 2, Abuja"
Nondescripts Cricket Club Ground
North Marine Road Ground
North Sydney Oval
"North Sydney Oval, Sydney"
"North West Cricket Stadium, Potchefstroom"
North-West University No1 Ground
OUTsurance Oval
"Observatory Lane, Rathmines"
Old Hararians
"Old Hararians, Harare"
Old Trafford
"Old Trafford, Manchester"
P Sara Oval
"P Sara Oval, Colombo"
P Saravanamuttu Stadium
Pallekele International Cricket Stadium
"Pembroke Cricket Club, Sandymount"
"Pembroke Cricket Club, Sandymount, Dublin"
Perth Stadium
Peter Burge Oval
Pierre Werner Cricket Ground
Prairie View Cricket Complex
Providence Stadium
"Providence Stadium, Guyana"
Pukekura Park
Punjab Cricket Association IS Bindra Stadium
"Punjab Cricket Association IS Bindra Stadium, Mohali"
"Punjab Cricket Association IS Bindra Stadium, Mohali, Chandigarh"
"Punjab Cricket Association Stadium, Mohali"
"Queen's Park (New), St George's, Grenada"
"Queen's Park Oval, Port of Spain"
"Queen's Park Oval, Port of Spain, Trinidad"
"Queen's Park Oval, Trinidad"
Queens Sports Club
"Queens Sports Club, Bulawayo"
Queenstown Events Centre
R Premadasa Stadium
"R Premadasa Stadium, Colombo"
R.Premadasa Stadium
"R.Premadasa Stadium, Khettarama"
Rajiv Gandhi International Stadium
"Rajiv Gandhi International Stadium, Uppal"
"Rajiv Gandhi International Stadium, Uppal, Hyderabad"
Rangiri Dambulla International Stadium
Rawalpindi Cricket Stadium
"Ray Mitchell Oval, Harrup Park, Mackay"
"Reforma Athletic Club, Naucalpan"
Reliance Stadium
Riverside Ground
"Riverside Ground, Chester-le-Street"
"Riverway Stadium, Townsville"
Roma Cricket Ground
"Royal Brussels Cricket Club Ground, Waterloo"
Royal Chiangmai Golf Club
Royal Selangor Club
"Royal Selangor Club, Kuala Lumpur"
Ruaraka Sports Club Ground
"Ruaraka Sports Club Ground, Nairobi"
"Sabina Park, Kingston"
"Sabina Park, Kingston, Jamaica"
Sano International Cricket Ground
Sano International Cricket Ground 2
Santarem Cricket Ground
Sao Fernando Polo and Cricket Club
"Sardar Patel (Gujarat) Stadium, Motera"
"Sardar Patel Stadium, Motera"
Saurashtra Cricket Association Stadium
"Saurashtra Cricket Association Stadium, Rajkot"
Sawai Mansingh Stadium
"Sawai Mansingh Stadium, Jaipur"
Saxton Oval
"Saxton Oval, Nelson"
"Scott Page Field, Vinor"
Sector 16 Stadium
Seddon Park
"Seddon Park, Hamilton"
Sedgars Park
"Sedgars Park, Potchefstroom"
"Seebarn Cricket Centre, Lower Austria"
"Selangor Turf Club, Kuala Lumpur"
Senwes Park
"Senwes Park, Potchefstroom"
Shaheed Chandu Stadium
Shaheed Veer Narayan Singh International Stadium
"Shaheed Veer Narayan Singh International Stadium, Raipur"
Sharjah Cricket Association Stadium
Sharjah Cricket Stadium
Sheikh Abu Naser Stadium
Sheikh Kamal International Cricket Stadium
Sheikh Zayed Stadium
"Sheikh Zayed Stadium, Abu Dhabi"
Sheikhupura Stadium
Sher-e-Bangla National Cricket Stadium
Shere Bangla National Stadium
"Shere Bangla National Stadium, Mirpur"
"Shrimant Madhavrao Scindia Cricket Stadium, Gwalior"
"Sikh Union Club Ground, Nairobi"
"Simar Cricket Ground, Rome"
"Simonds Stadium, South Geelong"
Singapore National Cricket Ground
Sinhalese Sports Club
Sinhalese Sports Club Ground
"Sinhalese Sports Club Ground, Colombo"
"Sinovich Park, Sinoville"
Sir Paul Getty's Ground
Sir Vivian Richards Stadium
"Sir Vivian Richards Stadium, Antigua"
"Sir Vivian Richards Stadium, North Sound"
"Sir Vivian Richards Stadium, North Sound, Antigua"
Sky Stadium
"Sky Stadium, Wellington"
"Solvangs Park, Glostrup"
Sophia Gardens
"Sophia Gardens, Cardiff"
Southend Club Cricket Stadium
"Southend Club Cricket Stadium, Karachi"
"Sportpark Harga, Schiedam"
Sportpark Het Schootsveld
"Sportpark Het Schootsveld, Deventer"
Sportpark Maarschalkerweerd
"Sportpark Maarschalkerweerd, Utrecht"
Sportpark Westvliet
"Sportpark Westvliet, The Hague"
"Sportpark Westvliet, Voorburg"
"St Albans Club, Buenos Aires"
"St George's College Ground, Buenos Aires"
St George's Park
"St George's Park, Gqeberha"
"St George's Park, Port Elizabeth"
St Georges Quilmes
St Lawrence Ground
"St Lawrence Ground, Canterbury"
Stadium Australia
"Stars Arena Hofstade, Zemst"
Stellenbosch University 1
"Stubberudmyra Cricket Ground, Oslo"
Subrata Roy Sahara Stadium
SuperSport Park
"SuperSport Park, Centurion"
"Svanholm Park, Brondby"
Sydney Cricket Ground
Sydney Parade
Sydney Showground Stadium
Sylhet International Cricket Stadium
"Sylhet International Cricket Stadium, Academy Ground"
Sylhet Stadium
"TCA Oval, Blantyre"
"Tafawa Balewa Square Cricket Oval, Lagos"
"Takashinga Sports Club, Highfield, Harare"
Terdthai Cricket Ground
"Terdthai Cricket Ground, Bangkok"
The Cooper Associates County Ground
"The Cooper Associates County Ground, Taunton"
The Hills Cricket Club Ground
The Rose Bowl
"The Rose Bowl, Southampton"
"The Village, Malahide"
"The Village, Malahide, Dublin"
The Wanderers Stadium
"The Wanderers Stadium, Johannesburg"
"Three Ws Oval, Cave Hill, Barbados"
Tikkurila Cricket Ground
Titwood
"Titwood, Glasgow"
Tolerance Oval
"Tolerance Oval, Abu Dhabi"
Tony Ireland Stadium
"Tony Ireland Stadium, Townsville"
"Toronto Cricket, Skating and Curling Club"
Trent Bridge
"Trent Bridge, Nottingham"
Tribhuvan University International Cricket Ground
"Tribhuvan University International Cricket Ground, Kirtipur"
"UKM-YSD Cricket Oval, Bangi"
Udayana Cricket Ground
United Cricket Club Ground
"United Cricket Club Ground, Windhoek"
University Oval
"University Oval, Dunedin"
University of Dar-es-Salaam Ground
University of Doha for Science and Technology
University of Lagos Cricket Oval
VRA Cricket Ground
VRA Ground
"VRA Ground, Amstelveen"
Vanuatu Cricket Ground
Vanuatu Cricket Ground (Oval 2)
"Vassil Levski National Sports Academy, Sofia"
"Velden Cricket Ground, Latschach"
Vidarbha C.A. Ground
Vidarbha Cricket Association Ground
"Vidarbha Cricket Association Stadium, Jamtha"
"Vidarbha Cricket Association Stadium, Jamtha, Nagpur"
W.A.C.A. Ground
Wanderers
Wanderers Cricket Ground
"Wanderers Cricket Ground, Windhoek"
Wankhede Stadium
"Wankhede Stadium, Mumbai"
"Warner Park, Basseterre"
"Warner Park, Basseterre, St Kitts"
"Warner Park, St Kitts"
Welagedara Stadium
West End Park International Cricket Stadium
"West End Park International Cricket Stadium, Doha"
Western Australia Cricket Association Ground
"Western Australia Cricket Association Ground, Perth"
"Westpac Park, Hamilton"
Westpac Stadium
"Westpac Stadium, Wellington"
"White Hill Field, Sandys Parish"
Willowmoore Park
"Willowmoore Park, Benoni"
"Windsor Park, Roseau"
"Windsor Park, Roseau, Dominica"
"Woodley Cricket Field, Los Angeles"
YMCA Cricket Club
"YSD-UKM Cricket Oval, Bangi"
Yeonhui Cricket Ground
"Yeonhui Cricket Ground, Incheon"
Zahur Ahmed Chowdhury Stadium
"Zahur Ahmed Chowdhury Stadium, Chattogram"
"Zayed Cricket Stadium, Abu Dhabi"
Zhejiang University of Technology Cricket Field
Zohur Ahmed Chowdhury Stadium
